<Page loaded="pageLoaded">
  <ActionBar title="HR GO" class="action-bar"></ActionBar>
  <GridLayout rows="*,60">
  <StackLayout row="0" orientation="vertical" width="100%">
    <GridLayout columns="60,*" rows="auto" class="HeaderLabel">
      <label col="0" row="0" class="Header_Icon" text="&#xe991;"/>
      <label col="1" row="0" text="CALCULATORS" class="Header_Label"/>
    </GridLayout>
    <ScrollView>
    <StackLayout orientation="vertical">
      <Button class="Sub_Nav_Line" text="Pay Calculation" tap="navToggle" value="PayCalculation"/>
        <Button class="Main_Nav_SubLine" text="Calculate Gross Pay" pageName="pay-info" tap="goToUtility" visibility="{{ PayCalculation ? 'visible' : 'collapsed' }}"/>
        <Button class="Main_Nav_SubLine" text="Calculate Promotion Step" pageName="promotion-calc-page" tap="goToUtility" visibility="{{ PayCalculation ? 'visible' : 'collapsed' }}"/>
        <Button class="Main_Nav_SubLine" text="Calculate Timeliness Cutoffs" pageName="timeliness-utility-page" tap="goToUtility" visibility="{{ PayCalculation ? 'visible' : 'collapsed' }}"/>
      <Button class="Sub_Nav_Line" text="Staffing Calculation" tap="navToggle" value="StaffingCalculation"/>
        <Button class="Main_Nav_SubLine" text="Calculate Casual End Dates" pageName="workdays-utility-page" tap="goToUtility" visibility="{{ StaffingCalculation ? 'visible' : 'collapsed' }}"/>

    </StackLayout>
    </ScrollView>
  </StackLayout>
      
    
    <StackLayout row="1" class="FooterNav" orientation="horizontal">
        <Button class="Footer_NavIcon" text="&#xe902;" width="20%" tap="goToHome"/>
        <Button class="Footer_NavIcon" text="&#xe994;"  width="20%" tap="footer3"/>
        <Image class="Footer_NavIcon_Image" src="~/images/hr-go-ui-icon_alpha.png" width="20%" height="80px"></Image>
        <Button class="Footer_NavIcon" text="&#xe970;"  width="20%" tap="footer4"/>
        <Button class="Footer_NavIcon" text="&#xe923;"  width="20%" tap ="footer5"/>
    </StackLayout>

    </GridLayout>

  <!-- Your UI components go here -->

</Page>