<Page loaded="pageLoaded">
  <ActionBar title="HR GO" class="action-bar"></ActionBar>
  <GridLayout rows="*,60">
  <StackLayout row="0" orientation="vertical" width="100%">
    
    <GridLayout columns="*,60" rows="auto" class="HeaderLabel">
      <label col="0" row="0" text="Connect"/>
      <Button col="1" row="0" class="HeaderLabel" text="FR" tap="switchToFrench"/>
    </GridLayout>
    <StackLayout orientation="vertical">
      <Button class="Landing_Nav" text="Team Tools" tap="navToggle" value="TeamTools"/>
        <Button class="Landing_SubNav_Compensation" id="2" text="My Team Contact" tap="goToMyTeam" visibility="{{ TeamTools? 'visible' : 'collapsed' }}"/>
      <Button class="Landing_Nav" text="Contact" tap="navToggle" value="Contact"/>
        <Button class="Landing_SubNav_Compensation" id="2" text="Points of Contact" tap="goToPOC" visibility="{{ Contact? 'visible' : 'collapsed' }}"/>
    </StackLayout>
  </StackLayout>
      
    
    <StackLayout row="1" class="FooterNav" orientation="horizontal">
        <Button class="Footer_NavIcon" text="&#xe902;" width="20%" tap="goToHome"/>
        <Button class="Footer_NavIcon" text="&#xe904;"  width="20%"/>
        <Button class="Footer_NavIcon" text="&#xe994;"  width="20%"/>
        <Button class="Footer_NavIcon" text="&#xe945;"  width="20%"/>
        <Button class="Footer_NavIcon" text="&#xe953;"  width="20%"/>
      </StackLayout>

    </GridLayout>

  <!-- Your UI components go here -->

</Page>