<Page loaded="pageLoaded" actionBarHidden="true">
  <ActionBar title="HR GO" class="action-bar"></ActionBar>
  <GridLayout rows="*,60">
  <StackLayout row="0" orientation="vertical" width="100%">
    
    <GridLayout columns="*,60" rows="auto" class="HeaderLabel">
      <label col="0" row="0" text="Connect"/>
      <Button col="1" row="0" class="HeaderLabel" text="FR" tap="switchToFrench"/>
    </GridLayout>
    <ScrollView>
    <StackLayout orientation="vertical">
      <Button class="Landing_Nav" text="Team Tools" tap="navToggle" value="TeamTools"/>
        <Button class="Landing_SubNav_Compensation" id="2" text="My Team Contact" tap="goToMyTeam" visibility="{{ TeamTools? 'visible' : 'collapsed' }}"/>
      <Button class="Landing_Nav" text="Contact" tap="navToggle" value="Contact"/>
        <Button class="Landing_SubNav_Compensation" id="2" text="Points of Contact" tap="goToPOC" visibility="{{ Contact? 'visible' : 'collapsed' }}"/>
    </StackLayout>
    </ScrollView>
  </StackLayout>
      
    
    <StackLayout row="1" class="FooterNav" orientation="horizontal">
        <Button class="Footer_NavIcon" text="&#xe902;" width="20%" tap="goToHome"/>
        <Button class="Footer_NavIcon" text="&#xe994;"  width="20%" tap="footer3"/>
        <Image class="Footer_NavIcon_Image" src="~/images/hr-go-ui-icon_alpha.png" width="20%" height="80px"></Image>
        <Button class="Footer_NavIcon" text="&#xe970;"  width="20%" tap="footer4"/>
        <Button class="Footer_NavIcon" text="&#xe923;"  width="20%" tap ="footer5"/>
    </StackLayout>

    </GridLayout>

  <!-- Your UI components go here -->

</Page>