<Page loaded="pageLoaded" actionBarHidden="true">
  <ActionBar title="HR GO" class="action-bar"></ActionBar>
  <GridLayout rows="auto,*,40,60">
    
    <GridLayout columns="60,*" rows="auto" class="HeaderLabel">
      <label col="0" row="0" class="Header_Icon" text="&#xe926;"/>
      <label col="1" row="0" text="Walkthrough" class="Header_Label"/>
    </GridLayout>  

    <!--<StackLayout row="1" orientation="vertical" width="100%">  -->
  <!-- STEP CONTENT  -->
    <ScrollView row="1" swipe="swipeGestureSwitch">
      <StackLayout id="stepContent">  
        <Label class="Article_H1" text="Step 1"/>
        <Image src="~/images/1_1.jpg" stretch="aspectFill" class="Walkthrough_Image" ></Image>
        <Label textWrap="true" class="Article_Body" text="You can use your myKEY or PKI card to log into Compensation Web Applications"/>       
      </StackLayout> 
    </ScrollView>
  <!-- </StackLayout> -->

  <!-- BOTTOM SLIDER CONTROL -->
  <GridLayout columns="40,*,40" row="2">
    <Button text="<" tap="previousSlide" col="0"/>
    <label text="{{ stepNavText }}" col="1" style="text-align:center;"/>
    <Button text=">" tap="nextSlide" col="2"/>
  </GridLayout>

  <!-- FOOTER NAV -->
  <StackLayout row="1" class="FooterNav" orientation="horizontal">
        <Button class="Footer_NavIcon" text="&#xe902;" width="20%" tap="goToHome"/>
        <Button class="Footer_NavIcon" text="&#xe994;"  width="20%" tap="footer3"/>
        <Image class="Footer_NavIcon_Image" src="~/images/hr-go-ui-icon_alpha.png" width="20%" height="80px"></Image>
        <Button class="Footer_NavIcon" text="&#xe970;"  width="20%" tap="footer4"/>
        <Button class="Footer_NavIcon" text="&#xe923;"  width="20%" tap ="footer5"/>
    </StackLayout>

  </GridLayout>

  <!-- Your UI components go here -->
</Page>