<Page loaded="pageLoaded" actionBarHidden="true">
  <ActionBar title="HR GO" class="action-bar"></ActionBar>
  <GridLayout rows="*,60">
  <StackLayout row="0" orientation="vertical" width="100%">
    <GridLayout columns="60,*" rows="auto" class="HeaderLabel">
      <label col="0" row="0" class="Header_Icon" text="&#xe991;"/>
      <label col="1" row="0" text="LOOKUP" class="Header_Label"/>
    </GridLayout>

    <StackLayout orientation="vertical">
      <Button class="Sub_Nav_Line" text="Leave Lookup" tap="navToggle" value="LeaveLookup"/>
        <Button class="Main_Nav_SubLine" text="Leave Type Lookup" pageName="leave-code-page" tap="goToUtility" visibility="{{ LeaveLookup ? 'visible' : 'collapsed' }}"/>
      <Button class="Sub_Nav_Line" text="Staffing Lookup" tap="navToggle" value="StaffingLookup"/>
        <Button class="Main_Nav_SubLine" text="Job Description Lookup" pageName="SJD-page" tap="goToUtility" visibility="{{ StaffingLookup ? 'visible' : 'collapsed' }}"/>
      <Button class="Sub_Nav_Line" text="Pay Lookup" tap="navToggle" value="PayLookup"/>
        <Button class="Main_Nav_SubLine" text="Our Roles and Responsibilities" pageName="roles-page" tap="goToUtility" visibility="{{ PayLookup ? 'visible' : 'collapsed' }}"/>
        <Button class="Main_Nav_SubLine" text="Understand Our Paycheques" pageName="understand-pay-page" tap="goToUtility" visibility="{{ PayLookup ? 'visible' : 'collapsed' }}"/>
      
    </StackLayout>
  </StackLayout>
      
    
    <StackLayout row="1" class="FooterNav" orientation="horizontal">
        <Button class="Footer_NavIcon" text="&#xe902;" width="20%" tap="goToHome"/>
        <Button class="Footer_NavIcon" text="&#xe994;"  width="20%" tap="footer3"/>
        <Image class="Footer_NavIcon_Image" src="~/images/hr-go-ui-icon_alpha.png" width="20%" height="80px"></Image>
        <Button class="Footer_NavIcon" text="&#xe970;"  width="20%" tap="footer4"/>
        <Button class="Footer_NavIcon" text="&#xe923;"  width="20%" tap ="footer5"/>
    </StackLayout>

    </GridLayout>

  <!-- Your UI components go here -->

</Page>