<Page loaded="pageLoaded">
  <ActionBar title="HR GO" class="action-bar"></ActionBar>
  <GridLayout rows="*,auto">
  <StackLayout row="0" orientation="vertical" width="100%">
    <GridLayout columns="60,*" rows="auto" class="HeaderLabel">
      <label col="0" row="0" class="Header_Icon" text="&#xe902;"/>
      <label col="1" row="0" text="HOME" class="Header_Label"/>
    </GridLayout>
    <!--<StackLayout orientation="horizontal" class="SearchBar">
      <Button col="0" class="SearchBar_Button" tap="searchLanding">
          <FormattedString>
            <Span text="&#xe986;"/>
          </FormattedString>
      </Button>
      <TextField col="1" class="SearchBar_Text" text="{{ SearchCriteria }}" id="SearchBox" hint="Search"/>
    </StackLayout>-->
      <StackLayout width="100%" orientation="vertical">
        <GridLayout columns="60,*" rows="auto" class="Home_Utility_Row">
          <Button class="Home_Utility_Button" tap="navToggle" value="Resources" col="0">
            <FormattedString>
              <Span class="Home_Utility_Icon" text="&#xe904;"/>
            </FormattedString>
          </Button>
          <Button class="Home_Utility_Label" text="My Resources" tap="navToggle" value="Resources" col="1"/>
        </GridLayout>
        <Button class="Main_Nav_SubLine" tap="goToUtility" pageName="pay-landing-page" text="My Pay" visibility="{{ Resources ? 'visible' : 'collapsed' }}"/>
        <Button class="Main_Nav_SubLine" text="My Student Hiring" visibility="{{ Resources ? 'visible' : 'collapsed' }}"/>
        <Button class="Main_Nav_SubLine" text="My Flexible Work" visibility="{{ Resources ? 'visible' : 'collapsed' }}"/>
        <GridLayout columns="60,*" rows="auto" class="Home_Utility_Row">
          <Button class="Home_Utility_Button" tap="navToggle" value="Contact" col="0">
            <FormattedString>
              <Span class="Home_Utility_Icon" text="&#xe923;"/>
            </FormattedString>
          </Button>
          <Button class="Home_Utility_Label" text="My Contacts" tap="navToggle" value="Contact" col="1"/>
        </GridLayout>
        <Button class="Main_Nav_SubLine" tap="goToUtility" pageName="POC-page" text="My Points of Contact" visibility="{{ Contact ? 'visible' : 'collapsed' }}"/>
        <Button class="Main_Nav_SubLine" tap="goToUtility" pageName="my-team" text="My Team" visibility="{{ Contact ? 'visible' : 'collapsed' }}"/>
        <GridLayout columns="60,*" rows="auto" class="Home_Utility_Row">
          <Button class="Home_Utility_Button" tap="navToggle" value="Utility" col="0">
            <FormattedString>
              <Span class="Home_Utility_Icon" text="&#xe991;"/>
            </FormattedString>
          </Button>
          <Button class="Home_Utility_Label" text="My Utilities" col="1" tap="navToggle" value="Utility"/>
        </GridLayout>
        <Button class="Main_Nav_SubLine" tap="goToUtility" pageName="workdays-utility-page" text="Calculate Casual End Dates" visibility="{{ Utility? 'visible' : 'collapsed' }}"/>
        <Button class="Main_Nav_SubLine" tap="goToUtility" pageName="timeliness-utility-page" text="Calculate Timeliness Cutoffs" visibility="{{ Utility? 'visible' : 'collapsed' }}"/>
        <Button class="Main_Nav_SubLine" tap="goToUtility" pageName="pay-info" text="Calculate Gross Pay" visibility="{{ Utility? 'visible' : 'collapsed' }}"/>
        <GridLayout columns="60,*" rows="auto" class="Home_Utility_Row">
          <Button class="Home_Utility_Button" tap="navToggle" value="Lookup" col="0">
            <FormattedString>
              <Span class="Home_Utility_Icon" text="&#xe926;"/>
            </FormattedString>
          </Button>
          <Button class="Home_Utility_Label" text="My Lookup" col="1" tap="navToggle" value="Lookup"/>
        </GridLayout>
        <Button class="Main_Nav_SubLine" tap="goToUtility" pageName="SJD-page" text="Our Job Descriptions" visibility="{{ Lookup? 'visible' : 'collapsed' }}"/>
        <Button class="Main_Nav_SubLine" tap="goToUtility" pageName="leave-code-page" text="Our Leave Types" visibility="{{ Lookup? 'visible' : 'collapsed' }}"/>
        
      </StackLayout>
    </StackLayout>
        <!--
        <Button class="Home_NavButton">
          <FormattedString>
            <Span class="Home_NavIcon" text="&#xe972;"/>
          </FormattedString>
        </Button>
        <Button class="Home_NavButton">
          <FormattedString>
            <Span class="Home_NavIcon" text="&#xe9bc;"/>
          </FormattedString>
        </Button>
      </StackLayout>

      <StackLayout width="100%" orientation="horizontal">
        
        <Button class="Home_NavLabel" text="Talent Acquisition" />
        <Button class="Home_NavLabel" text="Position Management" />

      </StackLayout>
    </StackLayout>
-->
    <StackLayout row="1" class="FooterNav" orientation="horizontal">
        <Button class="Footer_NavIcon" text="&#xe902;" width="20%"/>
        <Button class="Footer_NavIcon" text="&#xe904;"  width="20%" tap="goToTest"/>
        <Button class="Footer_NavIcon" text="&#xe994;"  width="20%" tap="footer3"/>
        <Button class="Footer_NavIcon" text="&#xe945;"  width="20%" tap="footer4"/>
        <Button class="Footer_NavIcon" text="&#xe953;"  width="20%" tap ="footer5"/>
      </StackLayout>

    </GridLayout>

  <!-- Your UI components go here -->
</Page>