
<Page loaded="pageLoaded" actionBarHidden="true">
  <ActionBar title="HR GO" class="action-bar"></ActionBar>
  <GridLayout rows="*,60">
  <StackLayout row="0" orientation="vertical" width="100%">
    <GridLayout columns="60,*" rows="auto" class="HeaderLabel">
      <label col="0" row="0" class="Header_Icon" text="&#xe991;"/>
      <label col="1" row="0" text="OVERTIME TRACKING" class="Header_Label"/>
    </GridLayout>
<ScrollView>
    <StackLayout orientation="vertical">
      <Button text="Add Time" class="Home_Utility_Label" tap="navToggle" value="AddTime"/>
      <StackLayout visibility="{{ AddTime ? 'visible' : 'collapsed' }}">
        <label text="# of Hours:" class="DayCalc_SectionTitle"/>
        <TextField text="{{ submitHours }}" keyboardType="number" class="DayCalc_TextField"/>
        <label text="Date:" class="DayCalc_SectionTitle"/>
        <DatePicker loaded="onDatePickerLoaded" date="{{ submitDate }}"></DatePicker>
        <Button class="DayCalc_SubmitButton" text="Save New Time" tap="addTime"/>
      </StackLayout>
      
      <Button text="View Time" class="Home_Utility_Label" tap="navToggle" value="ViewSchedule"/>
      <StackLayout visibility="{{ ViewSchedule ? 'visible' : 'collapsed' }}" id="Overtime_Stack">
        <GridLayout rows="auto, auto" columns="*">
          <label row="0" col="0" text="3H - 2019/04/23" class="DayCalc_SectionTitle"/>
          <Switch row="1" col="0" checked="true"/>
        </GridLayout>
        
        <GridLayout rows="auto, auto" columns="*">
          <label row="0" col="0" text="2.5H - 2019/05/05" class="DayCalc_SectionTitle"/>
          <Switch row="1" col="0" checked="true"/>
        </GridLayout>

        
      </StackLayout>
        <Button class="DayCalc_SubmitButton" text="Clear Submitted Time" tap="clearSubmittedTime"/>
      </StackLayout>
      </ScrollView>
  </StackLayout>
      
    
    <StackLayout row="1" class="FooterNav" orientation="horizontal">
        <Button class="Footer_NavIcon" text="&#xe902;" width="20%" tap="goToHome"/>
        <Button class="Footer_NavIcon" text="&#xe994;"  width="20%" tap="footer3"/>
        <Image class="Footer_NavIcon_Image" src="~/images/hr-go-ui-icon_alpha.png" width="20%" height="80px"></Image>
        <Button class="Footer_NavIcon" text="&#xe970;"  width="20%" tap="footer4"/>
        <Button class="Footer_NavIcon" text="&#xe923;"  width="20%" tap ="footer5"/>
    </StackLayout>

    </GridLayout>

  <!-- Your UI components go here -->

</Page>