<Page loaded="pageLoaded" actionBarHidden="true">
  <ActionBar title="HR GO" class="action-bar"></ActionBar>
  <GridLayout rows="*,60">
  <StackLayout row="0" orientation="vertical" width="100%">
    <GridLayout columns="60,*" rows="auto" class="HeaderLabel">
      <label col="0" row="0" class="Header_Icon" text="&#xe93b;"/>
      <label col="1" row="0" text="MY PAY" class="Header_Label"/>
    </GridLayout>
    <ScrollView>
    <StackLayout orientation="vertical">
      <Button class="Sub_Nav_Line" text="Your Pay Information" tap="navToggle" value="YourPayInformation"/>
        <Button class="Main_Nav_SubLine" id="1" text="Pay Basics" tap="goToArticle" visibility="{{ YourPayInformation ? 'visible' : 'collapsed' }}"/>
        <Button class="Main_Nav_SubLine" id="2" text="View and Understand Your Pay" tap="goToArticle" visibility="{{ YourPayInformation ? 'visible' : 'collapsed' }}"/>
        
      
      <Button class="Sub_Nav_Line" text="Problems With Your Pay" tap="navToggle" value="ProblemsWithYourPay"/>
        <Button class="Main_Nav_SubLine" id="3" text="Reporting Your Pay Issue" tap="goToArticle" visibility="{{ ProblemsWithYourPay ? 'visible' : 'collapsed' }}"/>
        <Button class="Main_Nav_SubLine" id="4" text="Emergency Salary Advance" tap="goToArticle" visibility="{{ ProblemsWithYourPay ? 'visible' : 'collapsed' }}"/>
        

      <Button class="Sub_Nav_Line" text="Pay Deadlines and Processes" tap="navToggle" value="DeadlinesAndProcesses"/>
        <Button class="Main_Nav_SubLine" id="5" text="Employee Roles in Pay" tap="goToArticle" visibility="{{ DeadlinesAndProcesses ? 'visible' : 'collapsed' }}"/>
        <Button class="Main_Nav_SubLine" id="6" text="Section 34 Managers Roles in Pay" tap="goToArticle" visibility="{{ DeadlinesAndProcesses ? 'visible' : 'collapsed' }}"/>
        <Button class="Main_Nav_SubLine" id="7" text="Section 34 Self-Service Pay Requests" tap="goToArticle" visibility="{{ DeadlinesAndProcesses ? 'visible' : 'collapsed' }}"/>
        <Button class="Main_Nav_SubLine" id="8" text="HR/Staffing Actions Affecting Pay" tap="goToArticle" visibility="{{ DeadlinesAndProcesses ? 'visible' : 'collapsed' }}"/>
        <!--<Button class="Main_Nav_SubLine" id="100" text="Changing your Section 34 Manager in Phoenix" tap="goToWalkthrough" visibility="{{ DeadlinesAndProcesses ? 'visible' : 'collapsed' }}"/>-->


      <Button class="Sub_Nav_Line" text="Hours and Scheduling" tap="navToggle" value="Scheduling"/>
        <Button class="Main_Nav_SubLine" id="9" text="Overtime" tap="goToArticle" visibility="{{ Scheduling ? 'visible' : 'collapsed' }}"/>
        <Button class="Main_Nav_SubLine" id="10" text="Managing Employee Schedules" tap="goToArticle" visibility="{{ Scheduling ? 'visible' : 'collapsed' }}"/>
        <!--<Button class="Main_Nav_SubLine" id="100" text="Enter Overtime in Phoenix" tap="goToWalkthrough" visibility="{{ Scheduling ? 'visible' : 'collapsed' }}"/>-->

      <Button class="Sub_Nav_Line" text="Leave" tap="navToggle" value="Leave"/>
        <Button class="Main_Nav_SubLine" id="19" text="Leave Basics" tap="goToArticle" visibility="{{ Leave ? 'visible' : 'collapsed' }}"/>
        <Button class="Main_Nav_SubLine" id="20" text="Leave with Income Averaging" tap="goToArticle" visibility="{{ Leave ? 'visible' : 'collapsed' }}"/>
        <Button class="Main_Nav_SubLine" id="21" text="Pre-retirement Transition Leave" tap="goToArticle" visibility="{{ Leave ? 'visible' : 'collapsed' }}"/>

      <Button class="Sub_Nav_Line" text="Utilities" tap="navToggle" value="Utilities"/>
        <Button class="Main_Nav_SubLine" text="Calculate Gross Pay" pageName="pay-info" tap="goToUtility" visibility="{{ Utilities ? 'visible' : 'collapsed' }}"/>
        <Button class="Main_Nav_SubLine" text="Calculate Promotion Step" pageName="promotion-calc-page" tap="goToUtility" visibility="{{ Utilities ? 'visible' : 'collapsed' }}"/>
        <Button class="Main_Nav_SubLine" text="Calculate Timeliness Cutoffs" pageName="timeliness-utility-page" tap="goToUtility" visibility="{{ Utilities ? 'visible' : 'collapsed' }}"/>
        <Button class="Main_Nav_SubLine" text="Track My Overtime" pageName="overtime-tracking-page" tap="goToUtility" visibility="{{ Utilities ? 'visible' : 'collapsed' }}"/>
        <Button class="Main_Nav_SubLine" text="Our Roles and Responsibilities" pageName="roles-page" tap="goToUtility" visibility="{{ Utilities ? 'visible' : 'collapsed' }}"/>
        <Button class="Main_Nav_SubLine" text="Understand Our Paycheques" pageName="understand-pay-page" tap="goToUtility" visibility="{{ Utilities ? 'visible' : 'collapsed' }}"/>
        <Button class="Main_Nav_SubLine" text="Leave Type Lookup" pageName="leave-code-page" tap="goToUtility" visibility="{{ Utilities ? 'visible' : 'collapsed' }}"/>
    </StackLayout>
    </ScrollView>
  </StackLayout>

    <StackLayout row="1" class="FooterNav" orientation="horizontal">
        <Button class="Footer_NavIcon" text="&#xe902;" width="20%" tap="goToHome"/>
        <Button class="Footer_NavIcon" text="&#xe994;"  width="20%" tap="footer3"/>
        <Image class="Footer_NavIcon_Image" src="~/images/hr-go-ui-icon_alpha.png" width="20%" height="80px"></Image>
        <Button class="Footer_NavIcon" text="&#xe970;"  width="20%" tap="footer4"/>
        <Button class="Footer_NavIcon" text="&#xe923;"  width="20%" tap ="footer5"/>
    </StackLayout>

    </GridLayout>

  <!-- Your UI components go here -->

</Page>