
<Page loaded="pageLoaded">
  <ActionBar title="HR GO" class="action-bar"></ActionBar>
  <GridLayout rows="*,60">
  <StackLayout row="0" orientation="vertical" width="100%">
    <GridLayout columns="*,60" rows="auto" class="HeaderLabel">
      <label col="0" row="0" text="My Profile"/>
      <Button col="1" row="0" class="HeaderLabel" text="FR" tap="switchToFrench"/>
    </GridLayout>
<ScrollView>
    <StackLayout orientation="vertical">
      <label class="DayCalc_SectionTitle" text="Preferred Language"/>
      <GridLayout columns="*,auto,*">
        <label class="Home_NavLabel" col="0" text="English"/>
        <Switch col="1" checked="{{ preferredLanguage }}"/>
        <label class="Home_NavLabel" col="2" text="French"/>
      </GridLayout>
      
        <label class="DayCalc_SectionTitle" text="Work Email"/>
      
        <TextField class="Utility_TextBox" text="{{ workEmail }}" />
        <Button class="DayCalc_SubmitButton" text="Save Profile" tap="saveProfile"/>
    </StackLayout>
</ScrollView>
  </StackLayout>
      
    
    <StackLayout row="1" class="FooterNav" orientation="horizontal">
        <Button class="Footer_NavIcon" text="&#xe902;" width="20%" tap="goToHome"/>
        <Button class="Footer_NavIcon" text="&#xe904;"  width="20%"/>
        <Button class="Footer_NavIcon" text="&#xe994;"  width="20%"/>
        <Button class="Footer_NavIcon" text="&#xe945;"  width="20%"/>
        <Button class="Footer_NavIcon" text="&#xe953;"  width="20%"/>
      </StackLayout>

    </GridLayout>

  <!-- Your UI components go here -->

</Page>