<Page loaded="pageLoaded" navigatingTo="onNavigatingTo" actionBarHidden="true">
  <ActionBar title="HR GO" class="action-bar"></ActionBar>
  <GridLayout rows="*,60">
  <ScrollView>
  <StackLayout row="0" orientation="vertical" width="100%">
    <GridLayout columns="60,*" rows="auto" class="HeaderLabel">
      <label col="0" row="0" class="Header_Icon" text="&#xe991;"/>
      <label col="1" row="0" text="PROMOTION PAY" class="Header_Label"/>
    </GridLayout>
    
    <!-- SUBSTANTIVE CLASS  tap="navToggle" value="FAQ" -->
    <Button text="Substantive Classification" class="Home_Utility_Label" tap="navToggle" value="SubstantiveClass" />
    <StackLayout visibility="{{ SubstantiveClass ? 'visible' : 'collapsed' }}">
      <Label text="Classification" class="Article_H2"/>
      <ListPicker id="classPicker" items="{{ classItems }}" selectedIndex="{{ classIndex }}" loaded="onClassListPickerLoaded" class="p-15 picker" visibility="visible"/>
      <Label text="Step" class="Article_H2"/>
      <ListPicker items="{{ stepItems }}" selectedIndex="{{ stepIndex }}" loaded="onStepListPickerLoaded" class="p-15 picker"/>
    </StackLayout>

<!-- TARGET CLASS -->
    <Button text="Target Classification" class="Home_Utility_Label" tap="navToggle" value="TargetClass" />
    <StackLayout visibility="{{ TargetClass ? 'visible' : 'collapsed' }}" >
      <Label text="Classification" class="Article_H2"/>
      <ListPicker id="classPicker" items="{{ targClassItems }}" selectedIndex="{{ targClassIndex }}" loaded="onTargClassListPickerLoaded" class="p-15 picker" visibility="visible"/>
    </StackLayout>
    <label text="{{ ResultLabel }}" class="DayCalc_StartDate"/>
    <Button class="DayCalc_SubmitButton" text="Get Promotion Step" tap="getPromotionStep"/>

  </StackLayout>
  </ScrollView>
    <StackLayout row="1" class="FooterNav" orientation="horizontal">
        <Button class="Footer_NavIcon" text="&#xe902;" width="20%" tap="goToHome"/>
        <Button class="Footer_NavIcon" text="&#xe994;"  width="20%" tap="footer3"/>
        <Image class="Footer_NavIcon_Image" src="~/images/hr-go-ui-icon_alpha.png" width="20%" height="80px"></Image>
        <Button class="Footer_NavIcon" text="&#xe970;"  width="20%" tap="footer4"/>
        <Button class="Footer_NavIcon" text="&#xe923;"  width="20%" tap ="footer5"/>
    </StackLayout>

    </GridLayout>

  <!-- Your UI components go here -->

</Page>