<Page loaded="pageLoaded" navigatingTo="onNavigatingTo" actionBarHidden="true">
  <ActionBar title="HR GO" class="action-bar"></ActionBar>
  <GridLayout rows="*,60">
  <ScrollView>
  <StackLayout row="0" orientation="vertical" width="100%">
    <GridLayout columns="60,*" rows="auto" class="HeaderLabel">
      <label col="0" row="0" class="Header_Icon" text="&#xe991;"/>
      <label col="1" row="0" text="OUR ROLES" class="Header_Label"/>
    </GridLayout>
    
    <!-- PROCESS -->
    <Button text="Process" class="Home_Utility_Label" tap="navToggle" value="Process" />
    <StackLayout visibility="{{ Process ? 'visible' : 'collapsed' }}" id="processesLayout">
      <Button text="Extra Duty Pay" class="Main_Nav_SubLine" tap="loadRoles"/>
      <Button text="Pay Issue Escalation" class="Main_Nav_SubLine" tap="loadRoles"/>
      <Button text="Military Section 34 Time Submission" class="Main_Nav_SubLine" tap="loadRoles"/>
    </StackLayout>

  <!-- ROLES -->
    <Button text="Roles" class="Home_Utility_Label" tap="navToggle" value="Roles" />
    <StackLayout visibility="{{ Roles ? 'visible' : 'collapsed' }}"  id="rolesLayout">
      <Button text="Employee" class="Main_Nav_SubLine" tap="loadResponsibilities"/>
      <Button text="Section 34 Manager" class="Main_Nav_SubLine" tap="loadResponsibilities"/>
      <Button text="DND Compensation" class="Main_Nav_SubLine" tap="loadResponsibilities"/>
      <Button text="Public Service Pay Center" class="Main_Nav_SubLine" tap="loadResponsibilities"/>
    </StackLayout>

  <!-- Responsibilities -->
  <Button text="Responsibilities" class="Home_Utility_Label" tap="navToggle" value="Responsibilities" />
    <StackLayout class="Article_MainStack" id="responsibilityContent" width="100%" orientation="vertical" visibility="{{ Responsibilities ? 'visible' : 'collapsed' }}">
      <Label text="Stuff here" class="Article_Body"/>
      <Label text="Stuff here" class="Article_Body"/>
      <Label text="Stuff here" class="Article_Body"/>
    </StackLayout>

  </StackLayout>
  </ScrollView>
    <StackLayout row="1" class="FooterNav" orientation="horizontal">
        <Button class="Footer_NavIcon" text="&#xe902;" width="20%" tap="goToHome"/>
        <Button class="Footer_NavIcon" text="&#xe994;"  width="20%" tap="footer3"/>
        <Image class="Footer_NavIcon_Image" src="~/images/hr-go-ui-icon_alpha.png" width="20%" height="80px"></Image>
        <Button class="Footer_NavIcon" text="&#xe970;"  width="20%" tap="footer4"/>
        <Button class="Footer_NavIcon" text="&#xe923;"  width="20%" tap ="footer5"/>
    </StackLayout>

    </GridLayout>

  <!-- Your UI components go here -->

</Page>