<Page loaded="pageLoaded" navigatingTo="onNavigatingTo">
  <ActionBar title="HR GO" class="action-bar"></ActionBar>
  <GridLayout rows="*,60">
  <StackLayout row="0" orientation="vertical" width="100%">
    <GridLayout columns="60,*" rows="auto" class="HeaderLabel">
      <label col="0" row="0" class="Header_Icon" text="&#xe926;"/>
      <label col="1" row="0" text="JOB DESCRIPTIONS" class="Header_Label"/>
    </GridLayout>
    <StackLayout orientation="vertical" visibility="{{ searchSection ? 'visible' : 'collapsed' }}">
      <!--Search Area-->
      <GridLayout columns="*,60" rows="auto" orientation="horizontal">
        <Label col="0" row="0" text="Classification" class="Article_H2"/>
        <Switch col="1" row="0" checked="{{ classCheck }}" class="Applicable_Switch"/>
      </GridLayout>
      <ListPicker id="classPicker" items="{{ classItems }}" selectedIndex="{{ classIndex }}" loaded="onClassListPickerLoaded" class="p-15 picker"/>
      <GridLayout columns="*,60" rows="auto" orientation="horizontal">
        <Label col="0" row="0" text="Job Title" class="Article_H2"/>
        <Switch col="1" row="0" checked="{{ titleCheck }}" class="Applicable_Switch"/>
      </GridLayout>
      <TextField class="Utility_TextBox" text="{{ SearchCriteria }}" id="SearchBox" hint="Search"/>
      <Button text="Seach Job Descriptions" tap="searchSJD" class="DayCalc_SubmitButton"/>
    </StackLayout>
    <ScrollView orientation="vertical" visibility="{{ contentSection ? 'visible' : 'collapsed' }}">
    <StackLayout orientation="vertical">
      <Button text="Back to Search" tap="showSearch" class="DayCalc_SubmitButton"/>
      <StackLayout id="SJD_List">
      <!-- Layout for individual POC -->
      </StackLayout>
    </StackLayout>
    </ScrollView>
  </StackLayout>
      
    
    <StackLayout row="1" class="FooterNav" orientation="horizontal">
        <Button class="Footer_NavIcon" text="&#xe902;" width="20%" tap="goToHome"/>
        <Button class="Footer_NavIcon" text="&#xe904;"  width="20%"/>
        <Button class="Footer_NavIcon" text="&#xe994;"  width="20%"/>
        <Button class="Footer_NavIcon" text="&#xe945;"  width="20%"/>
        <Button class="Footer_NavIcon" text="&#xe953;"  width="20%"/>
      </StackLayout>

    </GridLayout>

  <!-- Your UI components go here -->

</Page>