
<Page loaded="pageLoaded" actionBarHidden="true">
  <ActionBar title="HR GO" class="action-bar"></ActionBar>
  <GridLayout rows="*,60">
  <StackLayout row="0" orientation="vertical" width="100%">
    <GridLayout columns="60,*" rows="auto" class="HeaderLabel">
      <label col="0" row="0" class="Header_Icon" text="&#xe991;"/>
      <label col="1" row="0" text="TIMELINESS CUTOFFS" class="Header_Label"/>
    </GridLayout>
<ScrollView>
    <StackLayout orientation="vertical">
      <label class="DayCalc_SectionTitle" text="Day of Work"/>
      <DatePicker loaded="onDatePickerLoaded" date="{{ dayOfWork }}"></DatePicker>

      <label class="DayCalc_StartDate" text="{{ employeeSubmitDate }}"/>
      <label class="DayCalc_StartDate" text="{{ managerApproveDate }}"/>
      <label class="DayCalc_StartDate" text="{{ payDate }}"/>

      <Button class="DayCalc_SubmitButton" text="Get Timeliness Cutoffs" tap="calculateTimeliness"/>

      </StackLayout>
      </ScrollView>
  </StackLayout>
      
    
    <StackLayout row="1" class="FooterNav" orientation="horizontal">
        <Button class="Footer_NavIcon" text="&#xe902;" width="20%" tap="goToHome"/>
        <Button class="Footer_NavIcon" text="&#xe994;"  width="20%" tap="footer3"/>
        <Image class="Footer_NavIcon_Image" src="~/images/hr-go-ui-icon_alpha.png" width="20%" height="80px"></Image>
        <Button class="Footer_NavIcon" text="&#xe970;"  width="20%" tap="footer4"/>
        <Button class="Footer_NavIcon" text="&#xe923;"  width="20%" tap ="footer5"/>
    </StackLayout>

    </GridLayout>

  <!-- Your UI components go here -->

</Page>