<Page loaded="pageLoaded" actionBarHidden="true">
  <ActionBar title="HR GO" class="action-bar"></ActionBar>
  <GridLayout rows="*,60">
  <StackLayout row="0" orientation="vertical" width="100%">
    <GridLayout columns="60,*" rows="auto" class="HeaderLabel">
      <label col="0" row="0" class="Header_Icon" text="&#xe991;"/>
      <label col="1" row="0" text="TRACKING" class="Header_Label"/>
    </GridLayout>
    <ScrollView>
    <StackLayout orientation="vertical">
      <Button class="Sub_Nav_Line" text="Pay Tracking" tap="navToggle" value="PayTracking"/>
        <Button class="Main_Nav_SubLine" text="Track My Overtime" pageName="overtime-tracking-page" tap="goToUtility" visibility="{{ PayTracking ? 'visible' : 'collapsed' }}"/>
      <Button class="Sub_Nav_Line" text="HR Tracking" tap="navToggle" value="HRTracking"/>
        <Button class="Main_Nav_SubLine" text="Track My Leave" pageName="leave-tracking-page" tap="goToUtility" visibility="{{ HRTracking ? 'visible' : 'collapsed' }}"/>

    </StackLayout>
    </ScrollView>
  </StackLayout>
      
    
    <StackLayout row="1" class="FooterNav" orientation="horizontal">
        <Button class="Footer_NavIcon" text="&#xe902;" width="20%" tap="goToHome"/>
        <Button class="Footer_NavIcon" text="&#xe994;"  width="20%" tap="footer3"/>
        <Image class="Footer_NavIcon_Image" src="~/images/hr-go-ui-icon_alpha.png" width="20%" height="80px"></Image>
        <Button class="Footer_NavIcon" text="&#xe970;"  width="20%" tap="footer4"/>
        <Button class="Footer_NavIcon" text="&#xe923;"  width="20%" tap ="footer5"/>
    </StackLayout>

    </GridLayout>

  <!-- Your UI components go here -->

</Page>